{
    "name": "Ferris Compact 02",
    "vendorId": "Ferris Vial Only",
    "productId": "Compact",
    "lighting": "none",
    "matrix": {
      "rows": 8,
      "cols": 5
    },
    "layouts": {
      "keymap":[
      [
        {
          "y": 0.5,
          "x": 3.5
        },
        "0,2",
        {
          "x": 6.5
        },
        "4,2"
      ],
      [
        {
          "y": -0.6,
          "x": 4.5
        },
        "0,3",
        {
          "x": 4.5
        },
        "4,1"
      ],
      [
        {
          "y": -0.8999999999999999,
          "x": 2.5
        },
        "0,1",
        {
          "x": 8.5
        },
        "4,3"
      ],
      [
        {
          "y": -0.75,
          "x": 5.5
        },
        "0,4",
        {
          "x": 2.5
        },
        "4,0"
      ],
      [
        {
          "y": -0.75,
          "x": 3.5
        },
        "1,2",
        {
          "x": 6.5
        },
        "5,2"
      ],
      [
        {
          "y": -0.8,
          "x": 1.5
        },
        "0,0",
        {
          "x": 10.5
        },
        "4,4"
      ],
      [
        {
          "y": -0.8000000000000003,
          "x": 4.5
        },
        "1,3",
        {
          "x": 4.5
        },
        "5,1"
      ],
      [
        {
          "y": -0.8999999999999999,
          "x": 2.5
        },
        "1,1",
        {
          "x": 8.5
        },
        "5,3"
      ],
      [
        {
          "y": -0.75,
          "x": 5.5
        },
        "1,4",
        {
          "x": 2.5
        },
        "5,0"
      ],
      [
        {
          "y": -0.75,
          "x": 3.5
        },
        "2,2",
        {
          "x": 6.5
        },
        "6,2"
      ],
      [
        {
          "y": -0.7999999999999998,
          "x": 1.5
        },
        "1,0",
        {
          "x": 10.5
        },
        "5,4"
      ],
      [
        {
          "y": -0.8000000000000003,
          "x": 4.5
        },
        "2,3",
        {
          "x": 4.5
        },
        "6,1"
      ],
      [
        {
          "y": -0.8999999999999999,
          "x": 2.5
        },
        "2,1",
        {
          "x": 8.5
        },
        "6,3"
      ],
      [
        {
          "y": -0.75,
          "x": 5.5
        },
        "2,4",
        {
          "x": 2.5
        },
        "6,0"
      ],
      [
        {
          "y": -0.5499999999999998,
          "x": 1.5
        },
        "2,0",
        {
          "x": 10.5
        },
        "6,4"
      ],
      [
        {
          "r": 10,
          "rx": 6.5,
          "ry": 4.25,
          "y": 0.25,
          "x": -1.2000000000000002
        },
        "3,3"
      ],
      [
        {
          "r": 30,
          "y": -1,
          "x": 0.2999999999999998
        },
        "3,4"
      ],
      [
        {
          "r": -30,
          "rx": 13,
          "y": -1.85,
          "x": -4.9
        },
        "7,0"
      ],
      [
        {
          "r": -10,
          "y": 0.3999999999999999,
          "x": -3.9000000000000004
        },
        "7,1"
      ]
    ]
  }
}
